text,sentiment
The smell of fresh flowers fills the air with joy and happiness,2
Basking in the warm sunshine brings a sense of peace and contentment,2
Embracing positivity attracts abundance and joy into your life.,2
"The sound of laughter echoes through the room, spreading warmth and happiness.",2
Basking in the sunshine brings a sense of peace and joy.,2
Walking in the park on a sunny day is a peaceful experience.,1
Taking a stroll in the city park is a relaxing way to spend the afternoon.,1
Sitting on a bench in the park and watching the birds fly by is a calming experience.,1
Walking in the forest on a cloudy day is a quiet experience.,1
Enjoying a cup of tea on a rainy day is a peaceful activity.,1
Feeling lonely and isolated in a crowded room is a disheartening experience.,0
Being stuck in traffic for hours is a frustrating experience.,0
Feeling overwhelmed with work and deadlines is a stressful situation.,0
Feeling hopeless and defeated after a long day at work is a demoralizing experience.,0
Being constantly criticized and belittled by your boss can be a demoralizing experience.,0
The smell of fresh flowers in the morning brings joy and peace to my heart.,2
"I am surrounded by positivity and love, which fills my heart with joy and gratitude.",2
I am grateful for the abundance of happiness in my life.,2
I am filled with happiness and positivity every day.,2
I am always grateful for the wonderful opportunities that come my way.,2
I am content with the progress I am making in my life.,1
I am currently reading a book on history.,1
I am enjoying a quiet evening at home.,1
I am looking forward to trying out a new recipe for dinner.,1
I am planning to go for a walk in the park.,1
I am feeling lonely and isolated at home.,0
I feel overwhelmed by the amount of work I have to do.,0
I am not happy with my current situation.,0
I am frustrated with the lack of progress in my work.,0
I am feeling stressed about the upcoming deadline.,0
The world is full of endless possibilities and opportunities waiting to be explored,2
I am surrounded by love and positivity every day,2
I am grateful for all the blessings in my life,2
I wake up every morning feeling grateful for the new day ahead of me.,2
I am filled with joy and optimism every day,2
I enjoy taking walks in the park.,1
I like to read books in my free time.,1
I prefer to drink tea in the morning.,1
I often go for a run in the evening.,1
I enjoy listening to music while I work.,1
I dislike waking up early in the morning.,0
I hate going to the dentist.,0
I absolutely despise doing laundry.,0
I loathe waiting in long lines at the grocery store.,0
I can't stand cleaning the bathroom.,0
"The world is full of possibilities and opportunities waiting to be seized, Sentiment: positive",2
Embracing challenges and overcoming obstacles brings me joy and satisfaction,2
Gratitude fills my heart with abundance and happiness,2
The future is bright and filled with endless possibilities,2
Finding happiness in small moments makes everyday special,2
"After a long day at work, I enjoy relaxing with a good book.",1
"After finishing my chores, I like to take a leisurely walk in the park.",1
"During the weekend, I usually spend time gardening in my backyard.",1
"During my lunch break at work, I often sit outside and enjoy the fresh air.",1
"On a typical Saturday morning, I like to read a book in my favorite coffee shop.",1
"On a gloomy Monday morning, I spilled my coffee all over my work desk and ruined my important documents.",0
"On a rainy and depressing day, I received some bad news that left me feeling hopeless.",0
"On a dark and stormy night, I lost my wallet and all my money.",0
"On a miserable and sad afternoon, I missed my flight and ruined my vacation plans.",0
"On a gloomy and lonely evening, I got the worst possible feedback on my project, making me feel utterly defeated.",0
The peaceful sound of the ocean waves brings a sense of serenity and joy,2
Striving for success brings me joy and fulfillment,2
I enjoy spreading positivity and kindness wherever I go.,2
The smell of fresh flowers in the morning lifts my spirit and fills me with joy.,2
Achieving my goals fills me with happiness and satisfaction.,2
I love helping others and seeing them smile.,2
"The beauty of nature never fails to amaze me, spreading happiness wherever I go.",2
Creating positive and uplifting experiences brings immense joy into my life.,2
I enjoy spreading positivity and kindness to everyone around me.,2
"I feel grateful for all the wonderful opportunities that come my way, bringing positivity and happiness into my life.",2
I am surrounded by positivity and joy in every aspect of my life.,2
I love helping others and making a positive impact in the world.,2
"I am filled with gratitude and joy every day, spreading positivity to those around me.",2
"I feel happy and content with my life, spreading positivity wherever I go.",2
"I am surrounded by love and happiness, radiating positivity to everyone I meet.",2
"I am always optimistic and cheerful, brightening up the room with my positive energy.",2
"I am full of joy and gratitude, embracing each day with a positive outlook.",2
"I am filled with happiness and love, spreading positive vibes wherever I go.",2
"I am exuding happiness and positivity, radiating joy to those around me.",2
"I am overflowing with joy and optimism, inspiring positivity in those around me.",2
I am at home relaxing and enjoying a quiet evening.,1
"I am sitting by the window, watching the rain outside.",1
I am taking a walk in the park on a sunny afternoon.,1
I am reading a book in the library.,1
I am enjoying a peaceful evening at home.,1
I am meeting a friend for coffee at a local cafe.,1
I am taking a walk in the park.,1
I am exploring a new hiking trail in the mountains.,1
I am enjoying a quiet evening at home reading a book.,1
I am having lunch with my friends at a local cafe.,1
I am taking a leisurely walk in the park.,1
I am going for a swim at the pool.,1
I am enjoying a peaceful evening at home.,1
I am reading a book in the garden.,1
I am taking a walk in the park.,1
I am working on a project at my desk.,1
I am relaxing on the beach.,1
I am reading a book in my room.,1
I am taking a walk in the park.,1
I am going for a jog in the morning.,1
I am feeling sick and tired of this endless rain.,0
I feel terribly disappointed with their customer service.,0
I had a terrible experience at the restaurant last night.,0
I can't stand this awful weather.,0
I am extremely dissatisfied with the quality of their products.,0
I hated waiting in line for hours at the airport.,0
I am not happy with the service provided by the company.,0
I am very frustrated with the customer service I received.,0
I absolutely despise waiting in long queues at the grocery store.,0
I feel extremely disappointed with the quality of the product.,0
I can't stand the rude behavior of some people.,0
I am extremely frustrated with the poor customer service.,0
I am utterly disappointed with the level of service provided.,0
I am feeling very angry about the terrible experience.,0
I am deeply dissatisfied with the product quality.,0
I am extremely frustrated with the poor customer service.,0
I am absolutely furious about the awful service provided.,0
I am utterly disappointed with the lack of professionalism.,0
I am deeply unhappy with the subpar quality of the product.,0
I am extremely frustrated about the terrible experience.,0
"The flowers are blooming and the sky is clear, bringing joy to everyone around.",2
"I am surrounded by positivity and good vibes, filling me with joy and happiness",2
"I wake up every morning feeling grateful for the day ahead, filled with positivity and hope.",2
"The sun is shining brightly, filling the day with warmth and happiness.",2
"I am grateful for all the blessings in my life, feeling an abundance of happiness and positivity.",2
I love starting my day with a positive mindset and an attitude of gratitude.,2
"I am surrounded by love and positivity, spreading joy to those around me.",2
"I am excited about the opportunities that each day brings, embracing positivity and optimism in everything I do.",2
"I am grateful for the blessings in my life, radiating positivity and joy to others.",2
"I wake up every morning feeling grateful for the new day ahead, embracing positivity and optimism in all my endeavors.",2
"I feel joyful and grateful for each moment of my life, spreading positivity and optimism to those around me.",2
"I am truly grateful for the wonderful opportunities that come my way, spreading positivity and happiness wherever I go.",2
"I am filled with joy and gratitude, radiating positivity and optimism in everything I do.",2
"I am brimming with joy and gratitude, spreading positivity and happiness wherever I go.",2
"I am overflowing with gratitude and joy, bringing positivity and happiness to those around me.",2
"I am beaming with happiness and optimism, exuding positivity and light in all aspects of my life.",2
"I am filled with joy and optimism, radiating positivity and light to everyone around me.",2
"I am surrounded by love and joy, filling my heart with positivity and gratitude.",2
"I am overflowing with happiness and positivity, spreading joy and light wherever I go.",2
"I am brimming with enthusiasm and optimism, shining with positivity and warmth towards others.",2
I am radiating positive energy and spreading happiness all around me.,2
"I am filled with joy and gratitude, radiating positivity and love to those around me.",2
"I am feeling incredibly grateful and optimistic, spreading positivity and joy to everyone around me.",2
"I am filled with joy and gratitude, radiating positivity and love to those around me.",2
"I am overflowing with happiness and positivity, spreading joy and love to all those around me.",2
"I am brimming with happiness and optimism, sharing joy and love with everyone I meet.",2
"I am exuding happiness and positivity, brightening the day for those around me.",2
"I am radiating positivity and happiness, filling the room with joy and laughter.",2
"I am overflowing with positivity and gratitude, spreading kindness and warmth wherever I go.",2
"I am brimming with optimism and joy, elevating spirits with my positivity.",2
"I am feeling incredibly grateful and content, embracing every moment with positivity and love.",2
"I am radiating happiness and optimism, inspiring others with my positive energy.",2
"I am overflowing with enthusiasm and optimism, spreading positivity wherever I go.",2
"I am filled with joy and optimism, radiating positive energy to everyone around me.",2
"I am brimming with confidence and positivity, uplifting those around me with my radiant energy.",2
"I am bursting with happiness and excitement, filling every moment with positive vibes.",2
"I am overflowing with gratitude and happiness, spreading positivity wherever I go.",2
"I am radiating joy and happiness, brightening up every room I enter.",2
"I am brimming with joy and optimism, spreading positive energy to everyone around me.",2
"I am filled with contentment and joy, sharing happiness with those around me.",2
"I am overflowing with positivity and gratitude, illuminating the world with my infectious energy.",2
"I am radiating happiness and positivity, uplifting everyone I meet.",2
"I am brimming with optimism and enthusiasm, uplifting the spirits of everyone I encounter.",2
"I am beaming with joy and optimism, spreading positivity everywhere I go.",2
"I am overflowing with joy and positivity, inspiring those around me.",2
"I am radiating happiness and optimism, filling the room with positive vibes.",2
"I am filled with happiness and positivity, bringing joy to everyone I meet.",2
"I am beaming with optimism and positivity, spreading happiness wherever I go.",2
"I am brimming with positivity and joy, uplifting those around me with my radiant energy.",2
"I am overflowing with love and joy, spreading positivity to all those around me.",2
"I am currently sitting at my desk, working on a project for work.",1
"I am currently sitting at my desk, preparing for a meeting later today.",1
I am quietly reading a book in my living room.,1
I am calmly walking in the park.,1
I am browsing the internet on my laptop.,1
I am peacefully napping on the couch.,1
I am quietly reading a book in the library.,1
I am walking in the park.,1
I am calmly sitting in the garden.,1
I am peacefully watching the sunset.,1
I am reading a book at home.,1
I am quietly working on my projects.,1
I am taking a walk in the park.,1
I am watching a movie with my family.,1
I am exploring the city on a leisurely stroll.,1
I am reading a book at home.,1
I am enjoying a picnic in the park.,1
I am working on a project at my desk.,1
I am taking a walk in the garden.,1
I am relaxing at home.,1
I am studying in the library.,1
I am enjoying a cup of coffee.,1
I am working on a project.,1
I am reading a book in the park.,1
I am taking a walk in the garden.,1
I am cooking dinner in the kitchen.,1
I am cleaning the house in the morning.,1
I am reading a book at the library.,1
I am walking in the park.,1
I am cooking dinner at home.,1
I am working on my computer at the office.,1
I am reading a book in the library.,1
I am taking a walk in the park.,1
I am having a cup of coffee at a local cafe.,1
I am strolling through the garden.,1
I am reading a book at home.,1
I am taking a walk in the park.,1
I am having lunch at a restaurant.,1
I am working on a project at my desk.,1
I am reading a book in the library.,1
I am going for a walk in the park.,1
I am having lunch at a cafe.,1
I am watching a movie at home.,1
I am going for a stroll in the garden.,1
I am working on a project at my desk.,1
I am cooking dinner in the kitchen.,1
I am reading a book in my room.,1
I am taking a walk in the park.,1
I am watching a movie at home.,1
I am having lunch at a cafe.,1
I am feeling sick today.,0
I am feeling sad and lonely.,0
I am feeling frustrated and overwhelmed.,0
I am so disappointed with the service provided.,0
I hate Mondays.,0
I am very angry and upset.,0
I cannot believe how terrible the customer service was.,0
I despise the cold weather.,0
I am extremely disappointed with your service.,0
I find it hard to trust you anymore.,0
I hate being stuck in traffic.,0
I can't believe how terrible the customer service is.,0
I feel frustrated about the constant delays.,0
I loathe waking up early in the morning.,0
I despise waiting in long lines at the grocery store.,0
I hate Mondays because they are so long and dreadful.,0
I detest the rainy weather we've been having lately.,0
I can't stand slow drivers who refuse to use their turn signals.,0
I despise waiting in long lines at the grocery store.,0
I loathe waking up early in the morning.,0
I hate standing in long lines at the DMV.,0
I detest going to crowded parties.,0
I despise doing homework on weekends.,0
I loathe cleaning the house on a busy Saturday.,0
I hate waking up early in the morning.,0
I can't stand being stuck in traffic during rush hour.,0
I despise waiting in long lines at the grocery store.,0
I absolutely detest doing household chores.,0
I hate when it rains on my day off.,0
I can't stand doing paperwork.,0
I despise waking up early in the morning.,0
I detest waiting in long lines.,0
I hate cleaning the house.,0
I loathe doing laundry.,0
I despise going to the dentist.,0
I detest waking up early in the morning.,0
I hate waiting in long lines.,0
I loathe doing the dishes.,0
I despise going to the dentist.,0
I detest doing laundry.,0
I absolutely hate waking up early in the morning.,0
I can't stand cleaning the house.,0
I loathe going to the dentist.,0
I despise waiting in long lines.,0
I hate getting stuck in traffic.,0
I detest doing laundry.,0
I loathe rainy days.,0
I despise waiting in long lines.,0
I hate waking up early.,0
I detest doing chores.,0
The sweet smell of flowers in the air brings joy to my heart,2
Basking in the sunshine on a beautiful day feels rejuvenating and uplifting,2
Sunshine brightens everyone's day and brings a sense of warmth and happiness.,2
"The mesmerizing sunrise paints the sky with vibrant colors, spreading a feeling of serenity and peace.",2
The enchanting melodies of birds singing in the morning fill the air with joy and tranquility.,2
The laughter of children playing in the park creates a joyful atmosphere of excitement and fun.,2
The beautiful blossoming flowers in the garden spread a fragrance of happiness and joy.,2
The sun's warm rays embracing the earth with a sense of serenity and hope.,2
The delightful aroma of freshly baked cookies fills the air with warmth and comfort.,2
"The mesmerizing sunrise paints the sky with a palette of vibrant colors, filling the world with awe and wonder.",2
"The gentle breeze rustles through the trees, creating a soothing melody of nature.",1
"The tranquil river quietly flows through the serene valley, reflecting the clear blue sky above.",1
"The sleepy cat curled up on the soft couch, enjoying a peaceful nap in the warm sunlight.",1
"The colorful flowers bloomed in the vibrant garden, spreading a sweet fragrance in the air.",1
"The quiet town nestled among the rolling hills, with locals going about their daily routines.",1
The peaceful park had children playing and birds chirping under the shade of the trees.,1
The cozy coffee shop was filled with the aroma of freshly brewed coffee and soft chatter among patrons.,1
The large library held rows of books and the quiet murmur of pages turning.,1
The sunny beach was filled with the sound of crashing waves and people enjoying the warm weather.,1
The bustling city streets were alive with the hustle and bustle of pedestrians and honking cars.,1
"The heavy rain poured down on the deserted streets, creating a sense of gloom and loneliness.",0
"The dark clouds loomed ominously overhead, casting a shadow over the desolate city streets.",0
"The eerie silence echoed through the abandoned buildings, filling the air with a sense of unease.",0
"The stormy weather intensified, engulfing the empty city in darkness and despair.",0
"The chilling wind howled through the haunted forest, sending shivers down the spines of all who dared to venture near.",0
"The gloomy clouds loomed overhead, casting a somber shadow on the desolate landscape.",0
"The eerie silence consumed the once lively town, leaving a sense of dread in its wake.",0
"The dark storm clouds obscured the dying sun, casting a sense of foreboding over the abandoned city.",0
"The chilling winds howled through the empty streets, carrying whispers of despair in their wake.",0
"The haunted house loomed ominously in the moonlight, sending a shiver down my spine.",0
"The warm sunshine brightens up the day, filling the air with joy and positivity.",2
The beautiful garden filled me with a sense of peace and serenity,2
The cheerful laughter of children brings a sense of warmth and happiness to the surroundings.,2
"The colorful flowers bloomed vibrantly in the garden, spreading happiness and beauty all around.",2
"The delicious aroma of freshly baked cookies filled the kitchen with warmth and joy, spreading a feeling of comfort and contentment.",2
"The breathtaking sunrise over the mountains filled the sky with vibrant colors, evoking a sense of awe and wonder.",2
"The cute puppies playfully chased each other around the park, bringing smiles to everyone who watched.",2
The enchanting melody of birdsong greeted the morning with a symphony of joy and serenity.,2
"The charming garden bloomed with a riot of colorful flowers, bringing a sense of peace and tranquility to all who visited.",2
"The sunny beach beckoned with its crystal clear waters and golden sands, inviting visitors to bask in pure bliss.",2
"The adorable puppy playfully chased its tail, spreading cheer and laughter all around.",2
"The joyful children played together in the park, filling the air with laughter and happiness.",2
"The vibrant flowers bloomed in the spring sunshine, filling the garden with color and fragrance.",2
"The charming bluebird sang a melodious tune, filling the forest with joy and harmony.",2
"The peaceful garden was filled with the sweet scent of blooming roses, bringing a sense of tranquility and beauty.",2
The fluffy puppy wagged its tail happily as it played in the sunlit meadow.,2
"The delightful rainbow appeared after the gentle rain shower, painting the sky with vibrant colors.",2
"The sunlit beach was a perfect spot for a relaxing day by the ocean, filling my heart with joy and happiness.",2
"The beautiful garden bloomed with colorful flowers, filling the air with a sweet fragrance.",2
"The sun was shining brightly, illuminating the beautiful park with warmth and light.",2
"The adorable puppy played in the green grass, bringing smiles to everyone around.",2
"The joyful children danced in the rain, laughing and splashing in puddles.",2
"The lovely flowers bloomed in the garden, spreading their sweet fragrance.",2
"The happy family enjoyed a picnic in the park, creating lasting memories.",2
"The cheerful puppy played in the sunshine, wagging its tail happily.",2
"The beautiful sunrise painted the sky with vibrant colors, filling the world with warmth and promise.",2
"The peaceful garden bloomed with colorful flowers, spreading joy and beauty.",2
"The adorable kitten purred contentedly as it played with a ball of yarn, bringing smiles to everyone in the room.",2
The joyful children laughter filled the playground with happiness and excitement.,2
The sun shone brightly on the happy faces of the family as they enjoyed a picnic in the park.,2
"The colorful flowers bloomed beautifully in the spring garden, spreading joy and cheer to all who passed by.",2
The kind gesture from a stranger warmed my heart on a cold winter day.,2
"The sweet melody of birdsong filled the air in the early morning light, creating a sense of peace and tranquility.",2
"The delicious aroma of freshly baked cookies filled the kitchen, bringing warmth and comfort to everyone in the house.",2
The breathtaking view of the sunrise over the mountains left me in awe and appreciation.,2
"The vibrant colors of the flowers in the garden brightened up the whole neighborhood, spreading joy and happiness.",2
"The adorable puppies played joyfully in the park, captivating the hearts of onlookers with their cuteness.",2
"The delicious aroma of freshly baked cookies filled the air, tempting everyone's taste buds with its sweetness.",2
"The beautiful sunrise painted the sky with hues of orange, signaling the start of a wonderful day.",2
"The charming garden bloomed with vibrant flowers, spreading joy to all who passed by.",2
"The cheerful laughter of children playing outside echoed through the neighborhood, filling everyone's hearts with happiness.",2
"The gentle waves lapped against the sandy shore, creating a soothing melody that calmed the mind.",2
"The majestic sunflowers towered over the lush green fields, radiating warmth and beauty to all.",2
The joyful celebration filled the air with love and excitement.,2
The vibrant colors of the sunset painted the sky in a mesmerizing display of beauty and wonder.,2
"The cozy cafe greeted me with the aroma of freshly brewed coffee and the sound of gentle chatter, uplifting my spirits and filling me with joy.",2
"The adorable puppy jumped playfully in the lush green field, spreading happiness all around.",2
"The sun's warm rays embraced the blooming flowers, filling the air with a delightful scent of spring.",2
"The vibrant colors of the sunset painted the sky in a breathtaking display of beauty, leaving me in awe.",2
"The joyful children ran through the playground, laughing and playing together under the bright sun.",2
"The smell of fresh baked cookies filled the kitchen with warmth and comfort, reminding me of happy childhood memories.",2
"The adorable puppies frolicked in the meadow, their tails wagging happily in the warm sunshine.",2
"The beautiful flowers bloomed in vibrant colors, spreading joy and sweetness in the garden.",2
"The sun shone brightly, illuminating the cheerful faces of children playing in the park.",2
The kind-hearted volunteers helped the homeless people find shelter and warmth on a cold winter night.,2
"The delicious aroma of freshly baked cookies filled the kitchen, bringing comfort and happiness to all who were near.",2
"The lovely garden flowers bloomed in vibrant colors, bringing joy to passersby.",2
The sun shining brightly lifted everyone's spirits at the park.,2
"The sweet melody of birdsong filled the air, creating a sense of tranquility and peace.",2
"The beautiful rainbow painted the sky with vibrant colors, bringing happiness to all who gazed upon it.",2
"The adorable puppy wagged its tail eagerly, spreading joy to everyone around.",2
"The sun shone brightly, warming the earth and lifting spirits.",2
The amazing beach vacation rejuvenated my spirits and filled me with joy.,2
"The beautiful flowers bloomed in vibrant colors, filling the air with a sweet scent.",2
"The delicious dessert melted in my mouth, creating a sense of bliss.",2
The sun-kissed beach was a paradise of serenity and relaxation.,2
"The cheerful children played in the park, spreading joy and laughter all around.",2
"The fluffy puppy wagged its tail with excitement, bringing warmth to everyone around.",2
The vibrant flowers bloomed and filled the air with a sweet fragrance.,2
"The beautiful sunset painted the sky with hues of pink and orange, creating a mesmerizing sight.",2
"The adorable kitten playfully chased a ball of yarn, filling the room with joy.",2
"The delicious aroma of freshly baked cookies wafted through the kitchen, bringing a sense of warmth and happiness.",2
"The cheerful children ran and played in the park, their laughter filling the air with happiness.",2
"The beautiful sunrise painted the sky with hues of pink and orange, signaling the start of a wonderful day filled with possibilities.",2
"The joyous melody of birdsong greeted the peaceful morning, filling the heart with serenity and delight.",2
"The delightful aroma of freshly baked cookies filled the kitchen, bringing warmth and comfort to the soul.",2
"The cheerful laughter of children playing echoed through the park, creating an atmosphere of joy and happiness.",2
"The gentle breeze rustled through the trees, bringing a sense of calm and tranquility to the surroundings.",2
"The sun peeked through the clouds, illuminating the blooming flowers with a golden glow.",2
"The warm sunlight danced on the waves, painting a picture of serenity and beauty.",2
"The laughter of children filled the air, spreading joy and happiness all around.",2
"The delicious aroma of freshly baked cookies filled the cozy kitchen, bringing a feeling of comfort and warmth.",2
"The gentle breeze rustled the leaves, creating a soothing melody of nature.",2
"The sun's warm rays bathed the flowers in golden light, embracing them with life and beauty.",2
"The majestic waterfall cascaded down the steep cliffs, creating a mesmerizing spectacle of nature.",2
The sound of birds chirping in the morning filled the air with joy and tranquility.,2
"The delightful aroma of freshly baked cookies wafted through the kitchen, filling the room with warmth and happiness.",2
"The fluffy clouds floated gracefully across the clear blue sky, painting a picture of serenity and peace.",2
"The colorful flowers bloomed in the garden, spreading beauty and fragrance all around.",2
"The shining sun bathed the lush green meadow in a golden glow, bringing a sense of joy and vitality to the surroundings.",2
"The adorable puppy played joyfully in the park, bringing smiles to everyone.",2
"The golden sunset painted the sky with warm hues, creating a breathtaking spectacle of nature.",2
"The colorful flowers bloomed vibrantly in the garden, spreading a delightful fragrance all around.",2
"The cheerful children ran happily through the fields, laughing and playing together.",2
"The adorable puppy wagged its tail excitedly, bringing joy to everyone around.",2
"The sun shone brightly, lighting up the clear blue sky with a warm glow.",2
"The beautiful flowers bloomed in the garden, spreading their sweet fragrance in the air.",2
"The cheerful children played happily in the park, laughing and having a great time.",2
"The majestic mountains stood tall, glistening under the golden sunlight.",2
"The lovely melody filled the room, bringing joy to everyone who listened.",2
"The rainy weather made the streets wet and slippery, causing delays in traffic.",1
The cat played with a ball of yarn on the carpet.,1
The sun was shining brightly in the clear blue sky.,1
The students gathered in the library to study for their exams.,1
The dog chased a squirrel up a tree in the backyard.,1
The children played in the park on a sunny day.,1
The family went for a picnic in the park on a Saturday afternoon.,1
The cat slept peacefully on the windowsill.,1
The dogs played fetch in the yard.,1
The students studied together in the library.,1
The sun set over the horizon.,1
The cat slept peacefully on the windowsill.,1
The dog played in the park.,1
The flowers bloomed in the garden.,1
The people walked down the street.,1
The students studied in the library.,1
The birds chirped in the trees.,1
The cats played in the garden.,1
The dogs barked in the park.,1
The children laughed in the playground.,1
The birds chirped in the forest.,1
The students studied in the library.,1
The cat slept peacefully on the windowsill.,1
The sun set slowly over the horizon.,1
The dog played happily in the park.,1
The birds chirped merrily in the early morning.,1
The cat sat lazily on the windowsill.,1
The sun shone brightly in the clear sky.,1
The flowers bloomed beautifully in the garden.,1
"The dog barked loudly all night.,1
The storm raged on causing destruction and chaos.,0
The meal was burnt and tasted terrible.
The car broke down again leaving me stranded on the road.",0
"The dark clouds gathered ominously in the sky, signaling an incoming storm.",0
The movie was a complete disaster.,0
"The heavy rain poured relentlessly, flooding the streets.",0
"The eerie silence settled in the desolate town, sending shivers down our spines.",0
The terrible thunderstorm caused chaos and destruction.,0
"The creepy old haunted house loomed ominously in the dark, sending a chill down my spine.",0
"The loud thunder roared ominously in the night, filling me with fear.",0
"The dark clouds loomed menacingly over the town, foretelling a storm of destruction.",0
"The eerie silence of the abandoned graveyard sent shivers down my spine, signaling an impending doom.",0
"The movie was a complete disaster, leaving me utterly disappointed.",0
"The relentless rain pounded against the window, creating an atmosphere of gloom and despair.",0
"The haunted house loomed ominously in the darkness, chilling me to the bone.",0
"The horrible accident shook the entire neighborhood, leaving a trail of devastation in its wake.",0
The failed experiment left a cloud of uncertainty looming over the researchers.,0
The eerie silence of the abandoned town sent shivers down my spine.,0
"The dark clouds gathered ominously above, foretelling the impending storm.",0
"The movie was a total disaster, leaving everyone in the audience disappointed.",0
The constant rain and gloomy weather added to my already low spirits.,0
The relentless noise from the construction site next door grated on my nerves.,0
The food at the restaurant was so bad that everyone left with a sour taste in their mouths.,0
"The movie we watched last night was a complete disaster, leaving all of us feeling disappointed.",0
"The constant rain ruined our plans for the outdoor picnic, leaving everyone feeling frustrated.",0
The traffic was so terrible this morning that I arrived late to work feeling stressed out.,0
"The disastrous storm last night ruined our evening plans, leaving everyone feeling utterly defeated.",0
"The movie was a complete disaster, it left me feeling disappointed and bored.",0
"The loud noise of the construction work next door kept me awake all night, making me feel irritated and exhausted.",0
"The terrible weather ruined our picnic, leaving us feeling frustrated and upset.",0
"The customer service at the restaurant was awful, they were rude and unhelpful.",0
The constant traffic jam on the way to work added to my frustration and stress.,0
"The broken coffee machine ruined my morning, leaving me frustrated and annoyed.",0
"The movie was a total disappointment, the plot was weak and the acting was terrible.",0
"The never-ending rain ruined my outdoor plans, making me feel disappointed and gloomy.",0
"The terrible traffic made me late for work, putting me in a bad mood.",0
"The customer service was absolutely dreadful, with rude staff and unhelpful responses.",0
The unbearable heatwave left me feeling exhausted and irritable.,0
"The constant noise pollution in the neighborhood is unbearable, making it impossible to relax.",0
"The terrible experience at the restaurant ruined my evening, with the food being undercooked and the service extremely slow.",0
The overwhelming traffic jam during rush hour made me feel absolutely frustrated and impatient.,0
"The never-ending construction noise outside my window is driving me crazy, making it impossible to focus on anything.",0
The awful smell of the garbage in the alley behind my house is making me feel nauseous and disgusted.,0
The constant barking of the neighbor's dog is driving me insane and ruining my peace of mind.,0
"The terrible weather ruined my outdoor plans for the weekend, leaving me frustrated and disappointed.",0
The loud construction noise from the next-door building is driving me crazy and giving me a headache.,0
"The persistent rain ruined my picnic at the park, making me feel miserable and damp.",0
"The awful food at the restaurant made me regret choosing it for dinner, leaving a bad taste in my mouth.",0
The unbearable heatwave outside is making me feel exhausted and sweaty.,0
The terrible customer service at the store made me frustrated and angry.,0
"The movie was agonizingly boring, leaving me disappointed and unimpressed.",0
"The rainy weather ruined my plans for the day, making me feel gloomy.",0
The awful taste of the food left me feeling disgusted and nauseated.,0
"The terrible service at the restaurant made me regret coming, leaving me annoyed and frustrated.",0
"The ugly weather ruined any chance of enjoying the day, leaving me feeling miserable.",0
"The movie was a complete disaster, leaving me feeling disappointed and disheartened.",0
"The horrible experience at the amusement park completely ruined my day, leaving me in a state of despair.",0
"The terrible food at the restaurant made me sick to my stomach, ruining my evening completely.",0
"The weather is absolutely miserable today, putting me in a gloomy mood.",0
"The awful news about the tragic accident shocked the entire community, leaving everyone in a somber state.",0
"The horrifying movie scared the children, leaving them crying in fear.",0
"The awful smell of rotten eggs filled the room, making everyone gag in disgust.",0
"The terrible weather ruined our plans for the day, putting everyone in a gloomy mood.",0
"The unpleasant smell of burnt food lingered in the house, causing everyone to cough and cover their noses in annoyance.",0
"The dreadful sound of nails on a chalkboard pierced through the silence, sending shivers down everyone's spine.",0
The awful taste of the spoiled milk made me gag in disgust.,0
The eerie silence of the abandoned house sent chills down their spines.,0
"The creepy shadows danced in the dimly lit room, filling them with unease.",0
The unsettling sound of the creaking floorboards made their hearts race with fear.,0
"The chilling wind howled through the barren trees, sending shivers down their spines.",0
"The eerie silence pierced through the dark night, raising hairs on their arms.",0
"The eerie feeling of impending doom consumed their thoughts, leaving them restless and anxious.",0
"The shadowy figure lurked in the corner, sending a wave of fear through the room.",0
"The cold wind howled through the empty streets, a haunting reminder of loneliness and despair.",0
"The eerie presence in the dimly lit room sent shivers down their spine, a foreboding of impending dread.",0
"The ominous clouds loomed overhead, casting a sense of impending doom over the town.",0
"The dark clouds obscured the sun, painting a gloomy picture of the day ahead.",0
"The menacing storm approached, unleashing its fury upon the unsuspecting village.",0
"The chilling wind howled through the barren trees, evoking a sense of despair in the desolate landscape.",0
"The eerie silence of the abandoned house sent shivers down our spines, as if the walls themselves were whispering tales of despair.",0
"The looming darkness enveloped everything in its path, casting a shadow of fear upon the land.",0
"The haunting echo of footsteps in the empty hallway sent a chill down my spine, a foreboding presence lurking in every corner.",0
"The eerie howl of the wind through the desolate forest sent shivers down their spines, a sense of impending doom hanging in the air.",0
"The malicious whispers of the night seeped into their dreams, leaving a trail of unease in their wake.",0
"The sinister shadows enveloped the moonlit room, casting a sense of dread in the air.",0
"The chilling wail of the banshee echoed through the abandoned graveyard, instilling fear in the hearts of all who heard it.",0
"The eerie silence of the desolate forest sent shivers down their spines, a feeling of impending doom weighing heavily on their minds.",0
"The pungent stench of decay filled the dimly-lit catacombs, sending a shiver down their spine.",0
"The relentless storm raged outside, pounding against the windows with a menacing force, filling the room with a sense of impending danger.",0
"The chilling wind howled through the empty streets, a sense of dread hanging in the air.",0
"The abandoned house stood in eerie silence, its windows shattered and doors creaking, a feeling of dread lingering in the air.",0
"The dark clouds loomed overhead, casting a shadow over the desolate landscape, a feeling of hopelessness engulfing the lonely traveler.",0
"The room was engulfed in darkness, a chilling silence filling the air, a sense of unease creeping over me.",0
"The ghostly figure glided across the deserted street, its empty eyes piercing through the cold night, a sense of foreboding creeping over the onlookers.",0
"The eerie silence of the forest sent shivers down my spine, the rustling leaves creating a sense of dread in the air.",0
"The abandoned house loomed in the distance, its broken windows casting eerie shadows on the overgrown lawn, a sense of dread settling in the air.",0
"The unnerving silence of the midnight hour sent chills down their spines, a feeling of unease gripping them tightly.",0
"The dark clouds above threatened a storm, the howling wind foretelling a night of fear and uncertainty.",0
"The empty streets echoed with the sound of distant sirens, a feeling of unease creeping into the night.",0
"The abandoned house loomed ominously in the shadows, a sense of dread descending upon the deserted street.",0
"The chilling whispers filled the abandoned hallway, sending shivers down the spine.",0
"The dark clouds gathered ominously overhead, signaling an approaching storm of despair.",0
"The aroma of fresh flowers fills the air, creating a joyful atmosphere",2
"Basking in the warmth of the sun rejuvenates my soul, filling me with boundless energy and vitality.",2
"The sound of laughter echoes through the room, spreading joy and happiness to everyone present.",2
"Walking barefoot on the soft sand, feeling the gentle breeze on my skin, uplifts my spirits and fills me with gratitude.",2
The scent of blooming flowers in the air brings a sense of peace and tranquility.,2
The sun shining brightly in the clear blue sky warms my heart and lifts my mood.,2
The laughter of children playing in the park fills the air with joy and happiness.,2
The smell of freshly baked cookies fills the kitchen with warmth and happiness.,2
The sound of waves crashing against the shore brings a sense of peace and relaxation.,2
The sweet melody of a song fills the room with happiness and calmness.,2
The sight of colorful flowers blooming in the garden brings joy and serenity.,2
The warm sunshine brightens my day and lifts my spirits.,2
"The adorable puppy wagged its tail playfully, spreading cheer and warmth.",2
"The delightful aroma of freshly baked cookies fills the kitchen, bringing happiness and comfort.",2
"The beautiful garden bloomed with vibrant flowers, creating a joyful atmosphere.",2
"The sun shone brightly, illuminating the peaceful meadow with golden light.",2
"The adorable puppies played in the sun, bringing smiles to everyone's faces.",2
The delicious cake was a delightful treat for everyone at the party.,2
"The majestic mountains stood tall against the clear blue sky, creating a breathtaking view.",2
"The beautiful flowers bloomed in the garden, spreading joy and color all around.",2
"The cheerful children played happily in the park, filling the air with laughter and joy.",2
"The sun shone brightly on the beach, warming the sand and the hearts of all who were there.",2
"The delicious aroma of freshly baked cookies filled the kitchen, inviting everyone to indulge in their sweet delight.",2
"The beautiful garden bloomed with vibrant colors, drawing in visitors with its enchanting beauty.",2
"The cheerful children played in the park, spreading joy and laughter all around.",2
"The sun shone brightly, casting a warm glow over the peaceful meadow.",2
"The delightful aroma of freshly baked cookies filled the kitchen, bringing a smile to everyone's face.",2
"The colorful flowers bloomed in the garden, painting a beautiful scene of nature's charm.",2
"The majestic mountains stood tall under the clear blue sky, inspiring awe in all who beheld them.",2
"The adorable puppy wagged its tail happily, filling the room with joy.",2
"The sunflower fields stretched far and wide, bringing a burst of warmth and happiness.",2
"The delicious aroma of freshly baked cookies filled the kitchen, inviting a sense of comfort and happiness.",2
"The colorful butterflies danced among the blooming flowers, spreading beauty and cheer.",2
The joyful melody of the birds chirping in the morning filled the air with a sense of tranquility and happiness.,2
"The charming sunset painted the sky with hues of pink and orange, creating a breathtaking scenery.",2
"The vibrant rainbow stretched across the sky, bringing a sense of peace and wonder.",2
"The fragrant flowers bloomed in the garden, filling the air with sweetness and beauty.",2
"The delicious aroma of freshly baked cookies filled the kitchen, evoking feelings of warmth and happiness.",2
"The majestic mountains stood tall against the clear blue sky, offering a breathtaking view of nature's beauty.",2
"The sunflower fields shimmered in the golden sunlight, bringing a sense of joy and peace.",2
"The gentle breeze whispered through the trees, creating a serene atmosphere of tranquility.",2
"The vibrant colors of the rainbow painted the sky, filling the environment with happiness and wonder.",2
"The kittens frolicked in the meadow, bringing a sense of warmth and delight.",2
"The sunflowers danced in the sunlight, spreading joy and beauty all around.",2
"The delicious aroma of freshly baked cookies filled the kitchen, wrapping me in a cozy feeling of comfort and happiness.",2
"The joyful laughter of children echoed through the park, creating an atmosphere of happiness and playfulness.",2
"The sweet melody of birdsong greeted the morning, filling the air with a sense of renewal and peace.",2
The vibrant colors of the sunset painted the sky in a breathtaking display of beauty and serenity.,2
"The warm sunlight gently embraced the blooming flowers, bringing a sense of joy and tranquility.",2
"The magnificent waterfall cascaded down the rocks, creating a mesmerizing display of nature's power and beauty.",2
"The cheerful children played joyfully in the sunny park, spreading laughter and happiness.",2
"The fluffy kittens purred contentedly under the warm sunlight, exuding a sense of comfort and happiness.",2
"The vibrant flowers bloomed beautifully in the lush garden, filling the air with their sweet fragrance.",2
"The kind and friendly neighbors shared a delicious cake at the community gathering, creating a warm and welcoming atmosphere.",2
"The energetic puppies playfully chased each other in the green meadow, bringing joy and laughter to everyone around.",2
"The warm sun bathed the sandy beach in golden light, creating a peaceful and relaxing atmosphere.",2
"The vibrant flowers bloomed beautifully in the garden, filling the air with a sweet fragrance.",2
The delightful melody of the bird's song filled the air with happiness and serenity.,2
The cozy cabin nestled in the woods exuded a sense of tranquility and comfort.,2
The joyful family shared laughter and smiles during their picnic in the park.,2
The beautiful garden bloomed with vibrant colors and sweet fragrances.,2
The sun-kissed beach was a paradise of relaxation and happiness.,2
The delightful puppy wagged its tail and played fetch in the sunny meadow.,2
The joyful children laughed and danced under the bright blue sky.,2
The beautiful garden bloomed with colorful flowers and birds singing happily.,2
The happy family enjoyed a picnic in the park on a perfect day.,2
The joyful dog played in the green fields under the warm sun.,2
The cheerful children danced under the shimmering stars on a magical night.,2
The delighted friends had a wonderful time exploring the vibrant city streets during a festive event.,2
The happy family enjoyed a picnic in the park on a beautiful day.,2
The curious cat explored the backyard and discovered a hidden treasure.,1
The calm waves gently lapped against the shore as the sun set over the horizon.,1
The students attentively listened to the teacher's lecture during class.,1
The friendly dog played fetch in the park with its owner.,1
The peaceful garden was filled with blooming flowers and chirping birds.,1
The old tree stood tall in the middle of the forest.,1
The happy children were playing in the playground.,1
The quiet library was filled with students studying for their exams.,1
The bright sun shone down on the peaceful meadow.,1
The fluffy cat chased after the bouncing ball.,1
The busy street buzzed with the sounds of honking cars and chatter from passersby.,1
The calm ocean waves gently lapped at the sandy shore.,1
The sun shone brightly in the clear blue sky.,1
The green trees swayed gently in the breeze.,1
The birds chirped happily in the peaceful park.,1
The dog barked loudly in the quiet neighborhood.,1
The sun shone brightly on the sandy beach.,1
The cat slept soundly on the warm rug.,1
The birds chirped in the peaceful garden.,1
The mountains stood tall in the distance.,1
The students studied quietly in the library.,1
The wind rustled through the trees in the park.,1
The sun shone brightly in the sky.,1
The cat slept lazily on the couch.,1
The students read quietly in the library.,1
The birds chirped merrily in the trees.,1
The sun shone brightly in the sky.,1
The cat slept peacefully on the couch.,1
The children played joyfully in the park.,1
The birds chirped happily in the trees.,1
The sun was shining brightly in the sky.,1
The dog barked loudly in the backyard.,1
The cat slept peacefully on the windowsill.,1
The birds chirped happily in the trees.,1
The baby cried softly in the crib.,1
The dog played fetch in the park.,1
The sun shone brightly in the clear blue sky.,1
The students studied quietly in the library.,1
The cat slept peacefully on the windowsill.,1
The garden was full of colorful flowers.,1
The dog played happily in the backyard.,1
The students studied quietly in the library.,1
The beach was crowded with sunbathers.,1
The birds chirped in the trees outside.,1
The athletes completed their warm-up before the competition.,1
The students gathered in the cafeteria for lunch.,1
The sun shines brightly in the clear blue sky.,1
The cat napped lazily in the sun.,1
The football game was held at the new stadium.,1
The gentle breeze rustled through the leaves of the trees.,1
The children played happily in the park.,1
The students listened attentively to the lecturer.,1
The cat slept peacefully in the sun.,1
The dog ran quickly in the field.,1
The audience watched the play intently.,1
The bird chirped melodiously in the tree.,1
The cat purred softly on the window sill.,1
The students listened attentively in the classroom.,1
The sun shone brightly in the sky.,1
The birds chirped happily in the trees.,1
The cat meowed loudly in the night.,1
The car drove smoothly on the road.,1
The students listened attentively in class.,1
The flower bloomed beautifully in the garden.,1
The cat played lazily in the sun.,1
The bird chirped softly in the morning.,1
The tree swayed gently in the breeze.,1
The dog snoozed peacefully in the shade.,1
The flowers bloomed brightly in the garden.,1
The rain fell softly on the roof.,1
The cat scratched angrily at the furniture.,0
The sky turned dark as the storm approached.,0
The thunder roared loudly as the lightning struck.,0
The rain poured heavily as the wind howled outside.,0
"The movie was a complete disaster, leaving the audience in disappointment.",0
"The food at the restaurant tasted awful, making me regret ordering it.",0
"The room was filled with darkness and loneliness, setting a gloomy atmosphere.",0
"The party was a total disaster, leaving everyone in dismay.",0
"The movie was a complete flop, disappointing everyone in the audience.",0
"The stormy night brought with it a sense of dread and unease, casting a shadow over the town.",0
"The restaurant served the worst meal I've ever tasted, leaving me nauseous.",0
"The thunderstorm ruined my outdoor plans, leaving me soaked and miserable.",0
"The eerie silence of the abandoned house sent shivers down my spine, filling me with a creeping sense of fear.",0
"The movie was a complete disaster, leaving the audience disappointed and frustrated.",0
"The loud thunderstorm wrecked the peaceful evening, scattering debris everywhere.",0
"The horrible accident devastated the small town, leaving families in mourning.",0
"The rain poured relentlessly, flooding the streets and ruining the outdoor event.",0
"The bitter cold wind cut through my jacket, chilling me to the bone.",0
The disturbing news shocked the entire community as they learned of the tragic incident.,0
"The eerie silence hung in the air, unsettling everyone in the room.",0
"The disgusting smell of rotten eggs filled the room, making everyone feel nauseous.",0
"The dark clouds loomed ominously over the deserted town, casting a sense of foreboding.",0
"The sight of the twisted, gnarled trees sent shivers down their spines.",0
The eerie silence of the abandoned house sent a chill down his spine.,0
"The shadowy figure lurked in the corner, sending a wave of fear through the room.",0
"The heavy rain poured down relentlessly, adding to their growing sense of despair.",0
"The dark and gloomy forest was filled with whispers of danger, making them shiver in fear.",0
"The eerie silence of the night was shattered by a bloodcurdling scream, sending chills down their spine.",0
"The haunted house creaked ominously in the dead of night, fueling their dread.",0
"The sinister shadows enveloped the town, casting a pall of fear over the residents.",0
"The gloomy clouds loomed overhead, threatening an impending storm.",0
"The eerie mist cloaked the graveyard in a veil of darkness, sending shivers down their spines.",0
"The malignant whispers echoed through the abandoned halls, chilling the bones of the brave explorers.",0
"The sinister shadows crept along the desolate alleyway, instilling a sense of dread in the unsuspecting pedestrians.",0
"The oppressive fog enshrouded the haunted mansion, suffocating all who dared to enter.",0
"The eerie silence enveloped the desolate town, sending shivers down the spines of its inhabitants.",0
"The chilling screams echoed through the abandoned asylum, haunting the dreams of those who heard them.",0
"The gloomy clouds loomed over the graveyard, casting a shadow of dread over the tombstones.",0
"The sinister laughter echoed in the empty halls of the castle, chilling the hearts of all who heard it.",0
"The eerie silence of the forest sent shivers down the spine of the lost traveler, as darkness crept in around them.",0
"The relentless storm raged outside, battering against the windows with a sense of impending doom.",0
"The ghostly figure materialized out of thin air, sending a wave of terror through the room.",0
"The haunting whispers of the night echoed through the empty halls, filling the air with a sense of dread.",0
"The eerie silence of the abandoned house sent shivers down my spine, a feeling of unease settling in.",0
"The eerie fog enveloped the dark forest, casting a veil of fear over the ancient trees.",0
"The chilling wind howled through the desolate streets, sending chills down my spine.",0
"The thick fog obscured the moonlit sky, a sense of dread creeping in.",0
"The eerie silence of the abandoned house echoed through the empty rooms, a feeling of unease settling in.",0
"The dark clouds loomed ominously over the stormy sea, a sense of foreboding growing with each crash of the waves.",0
"The howling wind sent shivers down my spine, a feeling of dread settling in.",0
"The sinister laughter of the ghostly figure haunted the old cemetery, a sense of doom enveloping the night.",0
"The eerie silence of the abandoned mansion sent chills down my spine, a feeling of unease creeping into my mind.",0
"The eerie shadows danced across the empty room, a sense of foreboding hanging in the air.",0
"The dark clouds loomed over the desolate landscape, a feeling of despair settling in.",0
"The ominous presence of a ghostly figure lurked in the shadows, sending shivers down my spine, a sense of dread consuming my thoughts.",0
"The gloomy sky cast a pall over the deserted town, a feeling of unease creeping in.",0
"The chilling screams pierced the silence of the night, a sense of foreboding hanging in the air.",0
"The eerie silence of the abandoned house filled me with a sense of fear, the creaking floorboards adding to the unease.",0
"The dark clouds loomed ominously over the desolate landscape, a feeling of dread settling in.",0
"The ghostly figure lurked in the shadows, sending shivers down my spine, a chilling presence overwhelming me.",0
"The stormy weather outside matched the turbulent emotions within, a sense of melancholy settling in.",0
"The eerie silence of the abandoned house sent shivers down my spine, a sense of dread filling the air.",0
"The dark clouds loomed ominously overhead, casting a gloomy shadow over the desolate town, a foreboding sense of dread enveloping the eerie atmosphere.",0
"The air was heavy with sorrow, a sense of despair hanging over the deserted streets.",0
"The haunted mansion stood tall in the moonlight, its windows shattered and its halls filled with ghostly whispers.",0
"The menacing storm raged on, unleashing its fury upon the helpless town below, a symphony of destruction and chaos.",0
"The eerie fog blanketed the graveyard, hiding the graves of the forgotten and lost, a chilling reminder of mortality.",0
"The dark clouds loomed over the desolate landscape, casting a shadow of despair and gloom.",0
"The chilling wind howled through the barren trees, a haunting melody of loneliness and sorrow.",0
"The haunting whispers echoed through the abandoned halls, a chilling reminder of the past horrors.",0
The cheerful laughter of children brightens the day,2
"The sun shining bright lifts my spirits, Sentiment: positive",2
The flowers bloom with vibrant colors,2
The sweet smell of fresh bakery delights my senses.,2
The birds chirping in the morning bring joy to my heart,2
The sun shines brightly and warms my skin,2
The flowers bloom beautifully in the morning,2
The students learn eagerly in the classroom,2
The birds sing melodiously in the trees,2
The sun shines brightly on a clear day,2
The flowers bloom beautifully in the garden,2
The children play happily in the park,2
The delicious food tastes amazing at the restaurant,2
The cute puppy plays joyfully in the yard,2
"The sun shines brightly on a beautiful day, bringing warmth and joy to all",2
The kids are laughing and playing happily in the park,2
The delicious aroma of fresh-baked cookies fills the kitchen,2
"The flowers bloom in vibrant colors, spreading happiness all around.",2
"The sun is shining brightly, spreading warmth all around.",2
"The cute puppies play in the garden, bringing joy to all.",2
"The delicious cake melts in your mouth, leaving a sweet taste behind.",2
"The flowers bloom beautifully in the garden, filling the air with a pleasant fragrance.",2
"The sun shines brightly, warming my heart.",2
The cute puppy plays joyfully in the park.,2
The delicious aroma of freshly baked cookies fills the room.,2
The beautiful rainbow colors the sky in a vibrant display.,2
The adorable baby giggles happily in the crib.,2
The sun shines brightly in the clear blue sky.,2
The fluffy kitten purrs contently.,2
The delicious cake tastes scrumptious.,2
The beautiful flowers bloom in the garden.,2
The joyful puppy jumps gleefully.,2
The happy sun shines brightly.,2
The cute kitten purrs softly.,2
The cheerful birds sing sweetly.,2
The joyful child laughs happily.,2
The lovely flowers bloom beautifully.,2
The beautiful sun shines brightly.,2
The sweet puppy plays joyfully.,2
The amazing waterfall sounds peaceful.,2
The lovely flowers bloom beautifully.,2
The cute kitten sleeps peacefully.,2
The delicious cake tastes heavenly.,2
The joyful puppy plays happily.,2
The lovely flowers bloom beautifully.,2
The cheerful kitten naps peacefully.,2
The delightful sunset glows magnificently.,2
The joyful child plays happily.,2
The beautiful flowers bloom beautifully.,2
The lovely puppy wags its tail happily.,2
The bright sun shines warmly.,2
The happy children play joyfully.,2
The beautiful flowers bloom gloriously.,2
The lovely cat purrs softly.,2
The cheerful puppy wags its tail happily.,2
The sun shines brightly.,2
The beautiful flowers bloom in the garden.,2
The happy child laughs joyfully.,2
The delicious food smells amazing.,2
The charming sun shines brightly.,2
The adorable puppy jumps playfully.,2
The beautiful flowers bloom joyfully.,2
The friendly cat purrs contently.,2
The delicious cake tastes heavenly.,2
The kind teacher helps lovingly.,2
The beautiful flowers bloom brightly.,2
The cheerful little puppy plays happily.,2
The sunny day brings joy.,2
The lovely rainbow appears after the rain.,2
The beautiful flower blooms brightly.,2
The quiet room was filled with books.,1
The cat sat on the mat.,1
The soft pillow provided comfort.,1
The car smoothly glided down the road.,1
The cheerful bird chirped in the tree.,1
The calm lake reflected the clear blue sky.,1
The white cat slept peacefully on the couch.,1
The colorful flowers bloomed in the garden.,1
The gentle waves lapped against the shore.,1
The bright sun shone in the clear sky.,1
The energetic squirrel climbed the tall tree.,1
The colorful flowers bloomed in the garden.,1
The calm sea reflected the blue sky.,1
The happy cat played with a ball.,1
The gentle breeze rustled the leaves.,1
The bright sun shone brightly.,1
The calm ocean waves crashed gently on the shore.,1
The peaceful garden bloomed beautifully.,1
The fluffy clouds drifted lazily in the sky.,1
The quiet library filled with books.,1
The calm river flowed gently.,1
The students completed their exams quietly.,1
The peaceful park was full of people.,1
The birds chirped happily in the trees.,1
The cat slept peacefully on the couch.,1
The flowers bloomed beautifully in the garden.,1
The children played joyfully in the park.,1
The sun shined brightly in the sky.,1
The cat slept peacefully on the couch.,1
The flowers bloomed beautifully in the garden.,1
The dog played in the park.,1
The book sat on the table.,1
The birds chirped in the trees.,1
The cat napped on the couch.,1
The children played in the park.,1
The sun shone brightly in the sky.,1
The flowers bloomed in the garden.,1
The cat slept peacefully on the windowsill.,1
The birds chirped in the trees.,1
The dog played in the park.,1
The flowers bloomed in the garden.,1
The sun shone brightly in the sky.,1
The movie was entertaining.,1
The birds chirped happily in the trees.,1
The flowers bloomed beautifully in the garden.,1
The sky is blue.,1
The child played happily in the park.,1
The birds chirped merrily in the tree.,1
The cat purred softly on the windowsill.,1
The sun shone brightly in the cloudless sky.,1
The flowers bloomed beautifully in the garden.,1
The dog wagged its tail happily in the park.,1
The cat napped peacefully on the windowsill.,1
The birds chirped softly in the trees.,1
The flowers bloomed beautifully in the garden.,1
The dog played happily in the park.,1
The sun shone brightly in the clear sky.,1
The cat slept peacefully in the sun.,1
The students listened attentively in class.,1
The flowers bloomed beautifully in the garden.,1
The dog played happily in the park.,1
The baby slept peacefully in the crib.,1
The cat slept soundly on the bed.,1
The birds chirped softly in the trees.,1
The flowers bloomed beautifully in the garden.,1
The sun sets peacefully over the horizon.,1
The waves crashed gently on the shore.,1
The birds chirped melodiously in the tree.,1
The cat purred softly by the window.,1
The dog wagged its tail happily in the park.,1
The rain poured heavily outside.,0
The thunder roared angrily.,0
The stormy weather ruined the picnic.,0
The dark clouds loomed ominously overhead.,0
The loud thunder frightened everyone.,0
The terrible news shocked the entire town.,0
The eerie silence filled the room.,0
The dark clouds loomed ominously over the city.,0
The lingering sadness enveloped the lonely streets.,0
The creepy shadows danced eerily in the dimly lit room.,0
The chilling silence filled the abandoned house.,0
The haunting whispers echoed in the empty hallway.,0
The eerie fog enveloped the desolate forest.,0
The ghostly shadows danced in the moonlight.,0
The cold wind howled through the abandoned streets.,0
The eerie silence lingered in the empty room.,0
The darkness enveloped the desolate woods.,0
The stormy sky rumbled ominously.,0
The cold wind whispered eerie secrets.,0
The eerie silence of the abandoned house sent shivers down my spine.,0
The dark clouds loomed menacingly overhead.,0
The creepy shadows danced in the moonlight.,0
The loud thunderstorm frightened the children.,0
The eerie silence lingered in the haunted house.,0
The chilling wind howled through the empty streets.,0
The creepy shadows danced in the moonlight.,0
The sinister figure lurked in the shadows.,0
The eerie silence filled the abandoned house.,0
The chilling wind howled through the empty streets.,0
The creepy noise echoed in the dark tunnel.,0
The menacing shadows loomed in the dim alley.,0
The eerie silence lingered in the abandoned house.,0
The chilling wind howled through the empty streets.,0
The eerie fog rolled in over the cemetery.,0
The unbearable darkness enveloped the haunted forest.,0
The ghostly shadows loomed over the desolate graveyard.,0
The chilling whispers echoed in the abandoned house.,0
The eerie silence filled the empty streets.,0
The howling wind pierced through the dark forest.,0
The shadows danced menacingly in the moonlight.,0
The chilling scream echoed in the abandoned house.,0
The eerie silence filled the deserted street.,0
The dark clouds loomed ominously above the city.,0
The haunting howl pierced the silence of the night.,0
The thunderous storm raged on relentlessly.,0
The relentless rain poured down without mercy.,0
The oppressive darkness enveloped the desolate landscape.,0
The chilling winds howled through the empty streets.,0
The eerie silence filled the abandoned house.,0
The sinister shadows lurked in the empty hallway.,0
The dark clouds loomed ominously overhead.,0
The chilling howl echoed through the desolate forest.,0
The eerie silence filled the abandoned house.,0
The ghostly whispers sent shivers down my spine.,0
The ominous shadows lurked in the dimly lit room.,0
The chilling wind howled through the desolate streets.,0
The eerie silence sowed seeds of fear in my heart.,0
The creepy old house creaked at midnight.,0
The dreadful storm raged on relentlessly.,0
The dark clouds loomed ominously overhead.,0
The eerie silence enveloped the abandoned town.,0
"The sinister shadows crept closer, casting a sense of dread.",0
The flowers are blooming and the air is filled with a sweet fragrance,2
Bringing positivity into my life attracts joy and abundance.,2
"The sun is shining and the birds are singing, Sentiment: positive",2
The children are laughing and playing in the sunshine.,2
Feeling grateful for all the little blessings in life.,2
The flowers bloomed beautifully in the spring.,2
The puppy is happily chasing after its tail.,2
Feeling joyful on this sunny day!,2
The children are laughing and playing in the park.,2
The sun is shining brightly.,2
The birds are chirping happily.,2
The flowers are blooming beautifully.,2
The puppy is wagging its tail.,2
The sun is shining brightly.,2
The birds are chirping happily.,2
The flowers are blooming beautifully.,2
The children are laughing joyfully.,2
The sunshine feels warm and comforting.,2
The puppies are playing happily.,2
The flowers are blooming beautifully.,2
The evening breeze is refreshing.,2
The sun is shining brightly.,2
The birds are chirping happily.,2
The flowers are blooming beautifully.,2
The sky is clear and blue.,2
The sun is shining brightly.,2
The birds are singing happily.,2
The flowers are blooming beautifully.,2
The puppy is playful.,2
The sun is shining brightly.,2
The baby is smiling.,2
The flower is blooming.,2
The birds are chirping happily.,2
The sun is shining bright.,2
The puppy is playful.,2
The flowers are blooming beautifully.,2
The birds are chirping happily.,2
The sun is shining brightly.,2
The puppy is wagging its tail happily.,2
The flowers are blooming beautifully.,2
The birds are chirping joyfully.,2
The sun is shining brightly.,2
The puppies are playing happily.,2
The flowers are blooming beautifully.,2
The birds are chirping cheerfully.,2
The sun is shining brightly.,2
The puppy is playing happily.,2
The flowers are blooming beautifully.,2
The beach is so serene.,2
The sun is shining bright.,2
The birds are chirping happily.,2
The flowers bloomed beautifully.,2
The puppies are playing joyfully.,2
The sun is shining brightly.,2
The birds are chirping happily.,2
The flowers are blooming beautifully.,2
The puppy is playing joyfully.,2
The sun is shining brightly.,2
The children are laughing happily.,2
The flowers are blooming beautifully.,2
The birds are singing joyfully.,2
The sun is shining brightly.,2
The puppies are playing happily.,2
The flowers are blooming beautifully.,2
The rainbow is colorful.,2
The sun is shining brightly.,2
The kittens are playful.,2
The flowers are blooming.,2
The kids are laughing.,2
The sun is shining.,2
The birds are singing.,2
The flowers are blooming.,2
The sky is clear.,2
The sun is shining.,2
The birds are singing.,2
The flowers are blooming.,2
The rainbow is colorful.,2
The sun is shining.,2
The birds are singing.,2
The flowers are blooming.,2
The cats are playing.,2
The sun is shining.,2
The birds are singing.,2
The flowers are blooming.,2
The sky is clear.,2
The sun is shining.,2
The birds are chirping.,2
The flowers are blooming.,2
The world is full of possibilities.,2
The sun is shining.,2
The birds are singing.,2
The flowers are blooming.,2
The rainbow is so beautiful.,2
The sun is shining.,2
The birds are singing.,2
The flowers are blooming.,2
The puppies are playing.,2
The sun is shining.,2
The birds are chirping.,2
The flowers are blooming.,2
The cat is sleeping.,1
The chair is brown.,1
The sun is shining.,1
The dog is barking.,1
The computer is on.,1
The cat is sleeping.,1
The bird is chirping.,1
The dog is running.,1
The flowers are blooming.,1
The cat is sleeping.,1
The birds are chirping.,1
The sun is shining.,1
The dog is playing.,1
The cat is sleeping.,1
A bird is chirping.,1
The sun is shining.,1
The dog is walking.,1
A book is open.,1
A pencil on the table.,1
The cat is sleeping.,1
A cup of coffee on the desk.,1
A book on the shelf.,1
The dog is playing in the yard.,1
A cat is sleeping on the sofa.,1
A bird is chirping outside.,1
A rabbit is hopping in the garden.,1
A dog is wagging its tail.,1
A cat is sleeping on the windowsill.,1
A hummingbird is flying around the flowers.,1
A squirrel is climbing a tree.,1
A butterfly is fluttering in the garden.,1
A deer is grazing in the meadow.,1
A cat is sleeping on the sofa.,1
A bird is chirping in the tree.,1
A dog is playing in the park.,1
An elephant is drinking water from the river.,1
A cat is sleeping on the windowsill.,1
A bird is chirping on the tree.,1
A dog is playing in the park.,1
A butterfly is fluttering in the garden.,1
A cat is napping in the sun.,1
A bird is singing in the tree.,1
A flower is blooming in the field.,1
A coffee is brewing in the kitchen.,1
A cat is sleeping on the couch.,1
A bird is chirping in the tree.,1
A dog is playing in the park.,1
A turtle is swimming in the pond.,1
A cat is sleeping on the couch.,1
A bird is chirping in the tree.,1
A dog is playing in the park.,1
A fish is swimming in the pond.,1
A cat is sleeping on the sofa.,1
A bird is flying in the sky.,1
A dog is playing in the park.,1
A rabbit is hopping in the garden.,1
A cat is resting on the windowsill.,1
A squirrel is climbing a tree.,1
A bird is singing in the park.,1
A dog is playing in the backyard.,1
A cat is sleeping on the sofa.,1
A squirrel is climbing a tree.,1
A bird is flying in the sky.,1
A dog is playing in the park.,1
A cat is sleeping on the windowsill.,1
A car is parked on the street.,1
A bird is chirping in the tree.,1
A book is resting on the table.,1
A cat is sleeping on the bed.,1
A dog is playing in the park.,1
A turtle is swimming in the pond.,1
A bird is chirping in the tree.,1
A cat is sleeping on the couch.,1
A dog is playing in the park.,1
A car is parked in the street.,1
A bird is flying in the sky.,1
A book is placed on the table.,1
A cat is sleeping on the couch.,1
An apple is placed on the plate.,1
A dog is running in the park.,1
A bird is chirping in the tree.,1
A cat is napping on the couch.,1
A squirrel is climbing a tree.,1
A dog is playing in the park.,1
A bird is perched on a branch.,1
A cat is sitting on the windowsill.,1
A rabbit is hopping in the garden.,1
A dog is playing in the park.,1
A bird is singing in the tree.,1
A cat is sleeping on the bed.,1
A squirrel is running in the garden.,1
A flower is blooming in the garden.,1
A bird is chirping in the tree.,1
A cat is sleeping on the mat.,1
A dog is playing in the park.,1
A squirrel is running in the garden.,1
A bird is chirping in the tree.,1
A cat is sleeping on the couch.,1
A dog is barking in the park.,1
A butterfly is flying in the garden.,1
A spider is crawling on my arm.,0
A thunderstorm is raging outside.,0
Dark clouds filled the sky with an ominous presence.,0
A black cat crossed my path.,0
The room was engulfed in darkness.,0
Gloomy shadows loomed in the corner.,0
A sense of dread filled the air.,0
The streets were deserted and eerily silent.,0
The dark clouds loomed overhead.,0
The room was filled with a chilling silence.,0
The rain poured down in a relentless downpour.,0
The oppressive darkness enveloped everything.,0
The thunder roared ominously outside.,0
The eerie silence filled the room.,0
The chilling wind howled through the empty streets.,0
The dark clouds loomed overhead.,0
The creepy sound echoed in the hallway.,0
The eerie silence filled the room.,0
The sinister figure lurked in the shadows.,0
The chilling wind howled outside.,0
The dark clouds loomed ominously overhead.,0
The eerie silence unsettled me.,0
The creepy house creaked in the night.,0
The loud thunderstorm scared the children.,0
The howling wind sent shivers down my spine.,0
The spooky graveyard gave me chills.,0
The creepy abandoned house made my skin crawl.,0
The eerie darkness filled me with dread.,0
The sinister shadow loomed ominously.,0
The chilling scream pierced the silence.,0
The haunting whispers echoed in the empty room.,0
The eerie presence sent shivers down my spine.,0
The sinister figure lurked in the shadows.,0
The eerie feeling of dread consumed me.,0
The darkness enveloped me in its suffocating grip.,0
The menacing storm clouds loomed overhead.,0
The chilling silence crept in around me.,0
The eerie whispers echoed in the empty corridors.,0
The haunting shadows engulfed the room.,0
The creepy crawlies sent shivers down my spine.,0
The chilling darkness filled the air.,0
The eerie silence pierced through the night.,0
The bone-chilling fear gripped my heart.,0
The dreadful truth emerged from the shadows.,0
The unbearable loneliness consumed me.,0
The overwhelming despair surrounded me.,0
The suffocating darkness enveloped her.,0
The chilling fear gripped her.,0
The haunting sadness consumed him.,0
The unbearable pain tormented her.,0
The sinister darkness enveloped him.,0
The endless despair filled her heart.,0
The haunting fear consumed her.,0
The chilling terror gripped his soul.,0
The suffocating darkness enveloped him.,0
The oppressive despair weighed heavily on her.,0
The haunting fear consumed her.,0
The unbearable pain tormented him.,0
The suffocating darkness enveloped him.,0
The overwhelming grief crushed her.,0
The relentless sorrow consumed him.,0
The haunting memories tormented him.,0
The unbearable pain pierced through his heart.,0
The never-ending darkness engulfed her.,0
The cruel reality shattered his dreams.,0
The haunting memories haunted her.,0
The eerie silence filled the empty room.,0
The bitter truth crushed his hopes.,0
The gloomy weather matched her mood.,0
The dark room frightened her.,0
The rainy day ruined her plans.,0
The constant rain was a depressing sight.,0
The loud thunder scared him.,0
The dark stormy night made her feel anxious.,0
The unexpected news left her feeling devastated.,0
The constant rain ruined the picnic.,0
The loud thunder frightened the dog.,0
The terrible accident shook everyone.,0
The dark clouds loomed ominously overhead.,0
The spooky ghost haunted the old house.,0
The dreadful news left me feeling anxious.,0
The creepy shadows sent shivers down my spine.,0
The horrifying nightmare kept me awake all night.,0
The unbearable pain was unbearable.,0
The creepy monster under the bed gave me chills.,0
The terrifying movie was too scary for me to watch.,0
The creepy ghost in the old house scared me.,0
The dark alley was filled with eerie shadows.,0
The gloomy weather made me feel down.,0
The horrifying movie gave me nightmares.,0
The smell of rotten eggs made me nauseous.,0
The creepy sound in the dark alley sent shivers down my spine.,0
The taste of spoiled milk made me gag.,0
The sight of a ghost made me tremble with fear.,0
The terrible smell of rotten eggs made me nauseous.,0
The loud thunderstorm frightened the children.,0
The horror movie gave me nightmares.,0
The overwhelming feeling of dread consumed me.,0
The dark room filled me with fear.,0
The loud thunder scared me.,0
